User_ID,Name,About_Me,Professional_Summary,Skills,Professional_Goal,Interests,MBTI,Location,About_Me_Clean,Professional_Summary_Clean,Skills_Clean,Interests_Clean,Combined_Text
U001,Person_1,I am interested in cybersecurity and understanding how to protect digital systems.,I want to develop my career in artificial intelligence and machine learning.,Python Machine Learning SQL,Cloud Engineer,"Web Development, Software",ENFJ,Pune,interested cybersecurity understanding protect digital system,want develop career artificial intelligence machine learning,python machine learning sql,web development software,interested cybersecurity understanding protect digital system want develop career artificial intelligence machine learning python machine learning sql web development software
U002,Person_2,I enjoy learning about cloud technologies and scalable software systems.,I want to work in cybersecurity and develop secure software systems.,C++ Robotics Computer Vision,Software Engineer,"Data Science, Analytics",INTJ,Bangalore,enjoy learning cloud technology scalable software system,want work cybersecurity develop secure software system,c robotics computer vision,data science analytics,enjoy learning cloud technology scalable software system want work cybersecurity develop secure software system c robotics computer vision data science analytics
U003,Person_3,I am interested in cybersecurity and understanding how to protect digital systems.,I want to build autonomous and robotic systems using artificial intelligence.,Python Data Analysis Power BI,Software Engineer,"Gaming, Technology",INTP,Johor,interested cybersecurity understanding protect digital system,want build autonomous robotic system using artificial intelligence,python data analysis power bi,gaming technology,interested cybersecurity understanding protect digital system want build autonomous robotic system using artificial intelligence python data analysis power bi gaming technology
U004,Person_4,I enjoy learning new technologies and building practical projects.,I am interested in computer vision and want to develop intelligent vision based systems.,C++ Robotics Computer Vision,Robotics Engineer,"Computer Vision, Robotics",INTJ,Mumbai,enjoy learning new technology building practical project,interested computer vision want develop intelligent vision based system,c robotics computer vision,computer vision robotics,enjoy learning new technology building practical project interested computer vision want develop intelligent vision based system c robotics computer vision computer vision robotics
U005,Person_5,I am interested in cybersecurity and understanding how to protect digital systems.,"I work with Python, data analysis and machine learning to solve data driven problems.",Python Machine Learning SQL,Software Engineer,"Entrepreneurship, Innovation",ENFP,Singapore,interested cybersecurity understanding protect digital system,work python data analysis machine learning solve data driven problem,python machine learning sql,entrepreneurship innovation,interested cybersecurity understanding protect digital system work python data analysis machine learning solve data driven problem python machine learning sql entrepreneurship innovation
U006,Person_6,I enjoy learning about cloud technologies and scalable software systems.,I enjoy working with data and want to develop predictive and analytical solutions.,Python Data Analysis Power BI,Cyber Security Engineer,"Artificial Intelligence, Robotics",INFJ,Kuala Lumpur,enjoy learning cloud technology scalable software system,enjoy working data want develop predictive analytical solution,python data analysis power bi,artificial intelligence robotics,enjoy learning cloud technology scalable software system enjoy working data want develop predictive analytical solution python data analysis power bi artificial intelligence robotics
U007,Person_7,"I am interested in data science, analytics and machine learning.",I am interested in cloud computing and developing scalable technology solutions.,Java Spring Boot SQL,Software Engineer,"Gaming, Technology",ENFP,Johor,interested data science analytics machine learning,interested cloud computing developing scalable technology solution,java spring boot sql,gaming technology,interested data science analytics machine learning interested cloud computing developing scalable technology solution java spring boot sql gaming technology
U008,Person_8,I am interested in cybersecurity and understanding how to protect digital systems.,I want to develop my career in artificial intelligence and machine learning.,Cyber Security Linux Networking,Data Analyst,"Artificial Intelligence, Robotics",INTJ,Johor,interested cybersecurity understanding protect digital system,want develop career artificial intelligence machine learning,cyber security linux networking,artificial intelligence robotics,interested cybersecurity understanding protect digital system want develop career artificial intelligence machine learning cyber security linux networking artificial intelligence robotics
U009,Person_9,"I enjoy working with images, videos and computer vision applications.",I am interested in software development and want to create reliable and scalable applications.,C++ Robotics Computer Vision,Cyber Security Engineer,"Entrepreneurship, Innovation",ISTJ,Singapore,enjoy working image video computer vision application,interested software development want create reliable scalable application,c robotics computer vision,entrepreneurship innovation,enjoy working image video computer vision application interested software development want create reliable scalable application c robotics computer vision entrepreneurship innovation
U010,Person_10,I enjoy working with data and finding meaningful patterns from large datasets.,I have experience with Python and machine learning and want to build intelligent applications.,AWS Cloud Computing Docker,Robotics Engineer,"Cyber Security, Networking",ENTJ,Johor,enjoy working data finding meaningful pattern large datasets,experience python machine learning want build intelligent application,aws cloud computing docker,cyber security networking,enjoy working data finding meaningful pattern large datasets experience python machine learning want build intelligent application aws cloud computing docker cyber security networking
U011,Person_11,I enjoy working with data and finding meaningful patterns from large datasets.,I am interested in software development and want to create reliable and scalable applications.,Python Machine Learning SQL,Data Analyst,"Web Development, Software",ENFP,Bangalore,enjoy working data finding meaningful pattern large datasets,interested software development want create reliable scalable application,python machine learning sql,web development software,enjoy working data finding meaningful pattern large datasets interested software development want create reliable scalable application python machine learning sql web development software
U012,Person_12,I am interested in cybersecurity and understanding how to protect digital systems.,I have experience with Python and machine learning and want to build intelligent applications.,JavaScript React Node.js,AI Engineer,"Programming, Technology",INTJ,Mumbai,interested cybersecurity understanding protect digital system,experience python machine learning want build intelligent application,javascript react node j,programming technology,interested cybersecurity understanding protect digital system experience python machine learning want build intelligent application javascript react node j programming technology
U013,Person_13,"I am interested in data science, analytics and machine learning.",I am interested in cloud computing and developing scalable technology solutions.,Python Computer Vision OpenCV,Computer Vision Engineer,"Entrepreneurship, Innovation",ENTP,Bangalore,interested data science analytics machine learning,interested cloud computing developing scalable technology solution,python computer vision opencv,entrepreneurship innovation,interested data science analytics machine learning interested cloud computing developing scalable technology solution python computer vision opencv entrepreneurship innovation
U014,Person_14,I am interested in artificial intelligence and enjoy solving real world problems using technology.,I am interested in full stack development and building modern web applications.,Cyber Security Linux Networking,Computer Vision Engineer,"Web Development, Software",INFJ,Kuala Lumpur,interested artificial intelligence enjoy solving real world problem using technology,interested full stack development building modern web application,cyber security linux networking,web development software,interested artificial intelligence enjoy solving real world problem using technology interested full stack development building modern web application cyber security linux networking web development software
U015,Person_15,"I am interested in data science, analytics and machine learning.",I am interested in computer vision and want to develop intelligent vision based systems.,Python Data Science Pandas,Machine Learning Engineer,"Gaming, Technology",ISFP,Delhi,interested data science analytics machine learning,interested computer vision want develop intelligent vision based system,python data science panda,gaming technology,interested data science analytics machine learning interested computer vision want develop intelligent vision based system python data science panda gaming technology
U016,Person_16,I like developing web applications and exploring modern software technologies.,I am interested in software development and want to create reliable and scalable applications.,Python Machine Learning SQL,Cloud Engineer,"Cyber Security, Networking",INTP,Pune,like developing web application exploring modern software technology,interested software development want create reliable scalable application,python machine learning sql,cyber security networking,like developing web application exploring modern software technology interested software development want create reliable scalable application python machine learning sql cyber security networking
U017,Person_17,I enjoy working with data and finding meaningful patterns from large datasets.,I am interested in cloud computing and developing scalable technology solutions.,Python Data Analysis Power BI,Computer Vision Engineer,"Entrepreneurship, Innovation",ISFP,Singapore,enjoy working data finding meaningful pattern large datasets,interested cloud computing developing scalable technology solution,python data analysis power bi,entrepreneurship innovation,enjoy working data finding meaningful pattern large datasets interested cloud computing developing scalable technology solution python data analysis power bi entrepreneurship innovation
U018,Person_18,I am interested in cybersecurity and understanding how to protect digital systems.,I want to develop my career in artificial intelligence and machine learning.,Java Spring Boot SQL,Software Engineer,"Programming, Technology",ENFP,Johor,interested cybersecurity understanding protect digital system,want develop career artificial intelligence machine learning,java spring boot sql,programming technology,interested cybersecurity understanding protect digital system want develop career artificial intelligence machine learning java spring boot sql programming technology
U019,Person_19,I like developing web applications and exploring modern software technologies.,I have experience with Python and machine learning and want to build intelligent applications.,Python Data Analysis Power BI,Cloud Engineer,"Entrepreneurship, Innovation",INTJ,Delhi,like developing web application exploring modern software technology,experience python machine learning want build intelligent application,python data analysis power bi,entrepreneurship innovation,like developing web application exploring modern software technology experience python machine learning want build intelligent application python data analysis power bi entrepreneurship innovation
U020,Person_20,I enjoy learning new technologies and building practical projects.,I want to develop my career in artificial intelligence and machine learning.,Python Deep Learning NLP,Data Scientist,"Web Development, Software",ISTJ,Johor,enjoy learning new technology building practical project,want develop career artificial intelligence machine learning,python deep learning nlp,web development software,enjoy learning new technology building practical project want develop career artificial intelligence machine learning python deep learning nlp web development software
U021,Person_21,I enjoy working with data and finding meaningful patterns from large datasets.,I am interested in full stack development and building modern web applications.,Python Deep Learning NLP,Software Engineer,"Entrepreneurship, Innovation",INTJ,Delhi,enjoy working data finding meaningful pattern large datasets,interested full stack development building modern web application,python deep learning nlp,entrepreneurship innovation,enjoy working data finding meaningful pattern large datasets interested full stack development building modern web application python deep learning nlp entrepreneurship innovation
U022,Person_22,I am interested in artificial intelligence and enjoy solving real world problems using technology.,I want to work in cybersecurity and develop secure software systems.,Python Data Science Pandas,Data Analyst,"Artificial Intelligence, Robotics",ENFJ,Mumbai,interested artificial intelligence enjoy solving real world problem using technology,want work cybersecurity develop secure software system,python data science panda,artificial intelligence robotics,interested artificial intelligence enjoy solving real world problem using technology want work cybersecurity develop secure software system python data science panda artificial intelligence robotics
U023,Person_23,I like developing web applications and exploring modern software technologies.,I am interested in cloud computing and developing scalable technology solutions.,Cyber Security Linux Networking,Machine Learning Engineer,"Gaming, Technology",ENFJ,Delhi,like developing web application exploring modern software technology,interested cloud computing developing scalable technology solution,cyber security linux networking,gaming technology,like developing web application exploring modern software technology interested cloud computing developing scalable technology solution cyber security linux networking gaming technology
U024,Person_24,"I enjoy working with images, videos and computer vision applications.",I am interested in computer vision and want to develop intelligent vision based systems.,Python Data Analysis Power BI,Cyber Security Engineer,"Entrepreneurship, Innovation",INFJ,Pune,enjoy working image video computer vision application,interested computer vision want develop intelligent vision based system,python data analysis power bi,entrepreneurship innovation,enjoy working image video computer vision application interested computer vision want develop intelligent vision based system python data analysis power bi entrepreneurship innovation
U025,Person_25,I enjoy learning about cloud technologies and scalable software systems.,I am interested in cloud computing and developing scalable technology solutions.,Python Deep Learning NLP,Data Analyst,"Computer Vision, Robotics",INTP,Penang,enjoy learning cloud technology scalable software system,interested cloud computing developing scalable technology solution,python deep learning nlp,computer vision robotics,enjoy learning cloud technology scalable software system interested cloud computing developing scalable technology solution python deep learning nlp computer vision robotics
U026,Person_26,"I enjoy working with images, videos and computer vision applications.",I have experience with Python and machine learning and want to build intelligent applications.,Python Deep Learning NLP,Software Engineer,"Web Development, Software",ENTP,Pune,enjoy working image video computer vision application,experience python machine learning want build intelligent application,python deep learning nlp,web development software,enjoy working image video computer vision application experience python machine learning want build intelligent application python deep learning nlp web development software
U027,Person_27,I am interested in artificial intelligence and enjoy solving real world problems using technology.,I am interested in full stack development and building modern web applications.,C++ Robotics Computer Vision,AI Engineer,"Data Science, Analytics",INFJ,Selangor,interested artificial intelligence enjoy solving real world problem using technology,interested full stack development building modern web application,c robotics computer vision,data science analytics,interested artificial intelligence enjoy solving real world problem using technology interested full stack development building modern web application c robotics computer vision data science analytics
U028,Person_28,I enjoy learning about cloud technologies and scalable software systems.,I have experience with Python and machine learning and want to build intelligent applications.,Cyber Security Linux Networking,Data Scientist,"Gaming, Technology",ISFP,Johor,enjoy learning cloud technology scalable software system,experience python machine learning want build intelligent application,cyber security linux networking,gaming technology,enjoy learning cloud technology scalable software system experience python machine learning want build intelligent application cyber security linux networking gaming technology
U029,Person_29,I enjoy learning new technologies and building practical projects.,I am interested in computer vision and want to develop intelligent vision based systems.,Python Data Analysis Power BI,Data Analyst,"Web Development, Software",ISFP,Delhi,enjoy learning new technology building practical project,interested computer vision want develop intelligent vision based system,python data analysis power bi,web development software,enjoy learning new technology building practical project interested computer vision want develop intelligent vision based system python data analysis power bi web development software
U030,Person_30,"I enjoy working with images, videos and computer vision applications.",I am interested in full stack development and building modern web applications.,Python Computer Vision OpenCV,Software Engineer,"Data Science, Analytics",ENFP,Pune,enjoy working image video computer vision application,interested full stack development building modern web application,python computer vision opencv,data science analytics,enjoy working image video computer vision application interested full stack development building modern web application python computer vision opencv data science analytics
U031,Person_31,I enjoy learning new technologies and building practical projects.,I want to develop my career in artificial intelligence and machine learning.,Python Deep Learning NLP,Software Engineer,"Computer Vision, Robotics",INFJ,Delhi,enjoy learning new technology building practical project,want develop career artificial intelligence machine learning,python deep learning nlp,computer vision robotics,enjoy learning new technology building practical project want develop career artificial intelligence machine learning python deep learning nlp computer vision robotics
U032,Person_32,"I enjoy working with images, videos and computer vision applications.",I want to work in cybersecurity and develop secure software systems.,Python Deep Learning NLP,Machine Learning Engineer,"Cyber Security, Networking",ISFP,Delhi,enjoy working image video computer vision application,want work cybersecurity develop secure software system,python deep learning nlp,cyber security networking,enjoy working image video computer vision application want work cybersecurity develop secure software system python deep learning nlp cyber security networking
U033,Person_33,I am interested in cybersecurity and understanding how to protect digital systems.,I am interested in computer vision and want to develop intelligent vision based systems.,Python Computer Vision OpenCV,Cloud Engineer,"Cloud Computing, DevOps",INFJ,Johor,interested cybersecurity understanding protect digital system,interested computer vision want develop intelligent vision based system,python computer vision opencv,cloud computing devops,interested cybersecurity understanding protect digital system interested computer vision want develop intelligent vision based system python computer vision opencv cloud computing devops
U034,Person_34,"I am interested in robotics, automation and autonomous systems.",I am interested in cloud computing and developing scalable technology solutions.,Python Data Science Pandas,Software Engineer,"Entrepreneurship, Innovation",INFJ,Mumbai,interested robotics automation autonomous system,interested cloud computing developing scalable technology solution,python data science panda,entrepreneurship innovation,interested robotics automation autonomous system interested cloud computing developing scalable technology solution python data science panda entrepreneurship innovation
U035,Person_35,"I enjoy working with images, videos and computer vision applications.",I enjoy working with data and want to develop predictive and analytical solutions.,AWS Cloud Computing Docker,Data Scientist,"Gaming, Technology",ISTJ,Malacca,enjoy working image video computer vision application,enjoy working data want develop predictive analytical solution,aws cloud computing docker,gaming technology,enjoy working image video computer vision application enjoy working data want develop predictive analytical solution aws cloud computing docker gaming technology
U036,Person_36,I enjoy learning about cloud technologies and scalable software systems.,I want to work in cybersecurity and develop secure software systems.,Python Deep Learning NLP,Data Analyst,"Cloud Computing, DevOps",ISTJ,Delhi,enjoy learning cloud technology scalable software system,want work cybersecurity develop secure software system,python deep learning nlp,cloud computing devops,enjoy learning cloud technology scalable software system want work cybersecurity develop secure software system python deep learning nlp cloud computing devops
U037,Person_37,"I enjoy working with images, videos and computer vision applications.",I enjoy working with data and want to develop predictive and analytical solutions.,Python Data Analysis Power BI,Cyber Security Engineer,"Cloud Computing, DevOps",INTJ,Kuala Lumpur,enjoy working image video computer vision application,enjoy working data want develop predictive analytical solution,python data analysis power bi,cloud computing devops,enjoy working image video computer vision application enjoy working data want develop predictive analytical solution python data analysis power bi cloud computing devops
U038,Person_38,I am passionate about software development and enjoy building useful applications.,I have experience with Python and machine learning and want to build intelligent applications.,C++ Robotics Computer Vision,Machine Learning Engineer,"Cyber Security, Networking",ENFJ,Selangor,passionate software development enjoy building useful application,experience python machine learning want build intelligent application,c robotics computer vision,cyber security networking,passionate software development enjoy building useful application experience python machine learning want build intelligent application c robotics computer vision cyber security networking
U039,Person_39,"I am interested in data science, analytics and machine learning.",I have experience with Python and machine learning and want to build intelligent applications.,Java Spring Boot SQL,Software Engineer,"Cloud Computing, DevOps",ENFP,Penang,interested data science analytics machine learning,experience python machine learning want build intelligent application,java spring boot sql,cloud computing devops,interested data science analytics machine learning experience python machine learning want build intelligent application java spring boot sql cloud computing devops
U040,Person_40,I am interested in artificial intelligence and enjoy solving real world problems using technology.,I am interested in software development and want to create reliable and scalable applications.,Python Data Science Pandas,Cloud Engineer,"Cyber Security, Networking",INTP,Bangalore,interested artificial intelligence enjoy solving real world problem using technology,interested software development want create reliable scalable application,python data science panda,cyber security networking,interested artificial intelligence enjoy solving real world problem using technology interested software development want create reliable scalable application python data science panda cyber security networking
U041,Person_41,I enjoy learning about cloud technologies and scalable software systems.,I am interested in full stack development and building modern web applications.,Java Spring Boot SQL,Cloud Engineer,"Cyber Security, Networking",INFP,Pune,enjoy learning cloud technology scalable software system,interested full stack development building modern web application,java spring boot sql,cyber security networking,enjoy learning cloud technology scalable software system interested full stack development building modern web application java spring boot sql cyber security networking
U042,Person_42,"I am interested in data science, analytics and machine learning.","I work with Python, data analysis and machine learning to solve data driven problems.",Python Machine Learning SQL,Machine Learning Engineer,"Cloud Computing, DevOps",INFP,Pune,interested data science analytics machine learning,work python data analysis machine learning solve data driven problem,python machine learning sql,cloud computing devops,interested data science analytics machine learning work python data analysis machine learning solve data driven problem python machine learning sql cloud computing devops
U043,Person_43,I am interested in cybersecurity and understanding how to protect digital systems.,I have experience with Python and machine learning and want to build intelligent applications.,Python Machine Learning SQL,Cloud Engineer,"Web Development, Software",INTP,Delhi,interested cybersecurity understanding protect digital system,experience python machine learning want build intelligent application,python machine learning sql,web development software,interested cybersecurity understanding protect digital system experience python machine learning want build intelligent application python machine learning sql web development software
U044,Person_44,I am passionate about software development and enjoy building useful applications.,I want to build autonomous and robotic systems using artificial intelligence.,Python Data Analysis Power BI,Data Scientist,"Web Development, Software",ISTJ,Selangor,passionate software development enjoy building useful application,want build autonomous robotic system using artificial intelligence,python data analysis power bi,web development software,passionate software development enjoy building useful application want build autonomous robotic system using artificial intelligence python data analysis power bi web development software
U045,Person_45,I enjoy learning about cloud technologies and scalable software systems.,I want to build autonomous and robotic systems using artificial intelligence.,Python Data Analysis Power BI,AI Engineer,"Web Development, Software",INFJ,Mumbai,enjoy learning cloud technology scalable software system,want build autonomous robotic system using artificial intelligence,python data analysis power bi,web development software,enjoy learning cloud technology scalable software system want build autonomous robotic system using artificial intelligence python data analysis power bi web development software
U046,Person_46,"I am interested in robotics, automation and autonomous systems.",I am interested in software development and want to create reliable and scalable applications.,Python Computer Vision OpenCV,Data Scientist,"Cyber Security, Networking",ISFP,Pune,interested robotics automation autonomous system,interested software development want create reliable scalable application,python computer vision opencv,cyber security networking,interested robotics automation autonomous system interested software development want create reliable scalable application python computer vision opencv cyber security networking
U047,Person_47,I am interested in cybersecurity and understanding how to protect digital systems.,I want to build autonomous and robotic systems using artificial intelligence.,Python Computer Vision OpenCV,Cloud Engineer,"Research, Artificial Intelligence",ENTJ,Selangor,interested cybersecurity understanding protect digital system,want build autonomous robotic system using artificial intelligence,python computer vision opencv,research artificial intelligence,interested cybersecurity understanding protect digital system want build autonomous robotic system using artificial intelligence python computer vision opencv research artificial intelligence
U048,Person_48,"I am interested in data science, analytics and machine learning.",I am interested in software development and want to create reliable and scalable applications.,Python Data Analysis Power BI,Software Engineer,"Web Development, Software",INTJ,Bangalore,interested data science analytics machine learning,interested software development want create reliable scalable application,python data analysis power bi,web development software,interested data science analytics machine learning interested software development want create reliable scalable application python data analysis power bi web development software
U049,Person_49,I am passionate about software development and enjoy building useful applications.,I am interested in full stack development and building modern web applications.,AWS Cloud Computing Docker,Cyber Security Engineer,"Programming, Technology",INFJ,Pune,passionate software development enjoy building useful application,interested full stack development building modern web application,aws cloud computing docker,programming technology,passionate software development enjoy building useful application interested full stack development building modern web application aws cloud computing docker programming technology
U050,Person_50,"I enjoy working with images, videos and computer vision applications.",I am interested in software development and want to create reliable and scalable applications.,AWS Cloud Computing Docker,Cyber Security Engineer,"Artificial Intelligence, Robotics",ISFP,Johor,enjoy working image video computer vision application,interested software development want create reliable scalable application,aws cloud computing docker,artificial intelligence robotics,enjoy working image video computer vision application interested software development want create reliable scalable application aws cloud computing docker artificial intelligence robotics
U051,Person_51,I like developing web applications and exploring modern software technologies.,"I work with Python, data analysis and machine learning to solve data driven problems.",Python Data Science Pandas,Data Scientist,"Gaming, Technology",INFJ,Singapore,like developing web application exploring modern software technology,work python data analysis machine learning solve data driven problem,python data science panda,gaming technology,like developing web application exploring modern software technology work python data analysis machine learning solve data driven problem python data science panda gaming technology
U052,Person_52,"I am interested in robotics, automation and autonomous systems.",I am interested in full stack development and building modern web applications.,Python Data Science Pandas,Data Scientist,"Artificial Intelligence, Robotics",ISTJ,Bangalore,interested robotics automation autonomous system,interested full stack development building modern web application,python data science panda,artificial intelligence robotics,interested robotics automation autonomous system interested full stack development building modern web application python data science panda artificial intelligence robotics
U053,Person_53,I enjoy working with data and finding meaningful patterns from large datasets.,I am interested in cloud computing and developing scalable technology solutions.,Cyber Security Linux Networking,Software Engineer,"Research, Artificial Intelligence",ENFJ,Singapore,enjoy working data finding meaningful pattern large datasets,interested cloud computing developing scalable technology solution,cyber security linux networking,research artificial intelligence,enjoy working data finding meaningful pattern large datasets interested cloud computing developing scalable technology solution cyber security linux networking research artificial intelligence
U054,Person_54,I am interested in cybersecurity and understanding how to protect digital systems.,I want to build autonomous and robotic systems using artificial intelligence.,Python Machine Learning SQL,Software Engineer,"Programming, Technology",ENTJ,Singapore,interested cybersecurity understanding protect digital system,want build autonomous robotic system using artificial intelligence,python machine learning sql,programming technology,interested cybersecurity understanding protect digital system want build autonomous robotic system using artificial intelligence python machine learning sql programming technology
U055,Person_55,I am interested in cybersecurity and understanding how to protect digital systems.,I am interested in software development and want to create reliable and scalable applications.,Python Data Analysis Power BI,Software Engineer,"Web Development, Software",ENTP,Johor,interested cybersecurity understanding protect digital system,interested software development want create reliable scalable application,python data analysis power bi,web development software,interested cybersecurity understanding protect digital system interested software development want create reliable scalable application python data analysis power bi web development software
U056,Person_56,I am interested in artificial intelligence and enjoy solving real world problems using technology.,"I work with Python, data analysis and machine learning to solve data driven problems.",JavaScript React Node.js,Software Engineer,"Programming, Technology",INTJ,Selangor,interested artificial intelligence enjoy solving real world problem using technology,work python data analysis machine learning solve data driven problem,javascript react node j,programming technology,interested artificial intelligence enjoy solving real world problem using technology work python data analysis machine learning solve data driven problem javascript react node j programming technology
U057,Person_57,I enjoy working with data and finding meaningful patterns from large datasets.,I have experience with Python and machine learning and want to build intelligent applications.,AWS Cloud Computing Docker,Robotics Engineer,"Programming, Technology",INTP,Johor,enjoy working data finding meaningful pattern large datasets,experience python machine learning want build intelligent application,aws cloud computing docker,programming technology,enjoy working data finding meaningful pattern large datasets experience python machine learning want build intelligent application aws cloud computing docker programming technology
U058,Person_58,I am passionate about software development and enjoy building useful applications.,I enjoy working with data and want to develop predictive and analytical solutions.,C++ Robotics Computer Vision,Software Engineer,"Programming, Technology",ENFJ,Penang,passionate software development enjoy building useful application,enjoy working data want develop predictive analytical solution,c robotics computer vision,programming technology,passionate software development enjoy building useful application enjoy working data want develop predictive analytical solution c robotics computer vision programming technology
U059,Person_59,I enjoy working with data and finding meaningful patterns from large datasets.,I am interested in computer vision and want to develop intelligent vision based systems.,Python Data Analysis Power BI,Software Engineer,"Computer Vision, Robotics",ENFJ,Singapore,enjoy working data finding meaningful pattern large datasets,interested computer vision want develop intelligent vision based system,python data analysis power bi,computer vision robotics,enjoy working data finding meaningful pattern large datasets interested computer vision want develop intelligent vision based system python data analysis power bi computer vision robotics
U060,Person_60,"I enjoy working with images, videos and computer vision applications.",I am interested in software development and want to create reliable and scalable applications.,Python Deep Learning NLP,Machine Learning Engineer,"Web Development, Software",ENTJ,Johor,enjoy working image video computer vision application,interested software development want create reliable scalable application,python deep learning nlp,web development software,enjoy working image video computer vision application interested software development want create reliable scalable application python deep learning nlp web development software
U061,Person_61,I am interested in artificial intelligence and enjoy solving real world problems using technology.,I am interested in software development and want to create reliable and scalable applications.,AWS Cloud Computing Docker,Machine Learning Engineer,"Research, Artificial Intelligence",INTJ,Singapore,interested artificial intelligence enjoy solving real world problem using technology,interested software development want create reliable scalable application,aws cloud computing docker,research artificial intelligence,interested artificial intelligence enjoy solving real world problem using technology interested software development want create reliable scalable application aws cloud computing docker research artificial intelligence
U062,Person_62,I enjoy learning about cloud technologies and scalable software systems.,I am interested in full stack development and building modern web applications.,JavaScript React Node.js,Computer Vision Engineer,"Data Science, Analytics",ENFP,Malacca,enjoy learning cloud technology scalable software system,interested full stack development building modern web application,javascript react node j,data science analytics,enjoy learning cloud technology scalable software system interested full stack development building modern web application javascript react node j data science analytics
U063,Person_63,"I am interested in robotics, automation and autonomous systems.","I work with Python, data analysis and machine learning to solve data driven problems.",Cyber Security Linux Networking,Software Engineer,"Cloud Computing, DevOps",INTP,Malacca,interested robotics automation autonomous system,work python data analysis machine learning solve data driven problem,cyber security linux networking,cloud computing devops,interested robotics automation autonomous system work python data analysis machine learning solve data driven problem cyber security linux networking cloud computing devops
U064,Person_64,I am interested in artificial intelligence and enjoy solving real world problems using technology.,I have experience with Python and machine learning and want to build intelligent applications.,Python Machine Learning SQL,Robotics Engineer,"Entrepreneurship, Innovation",ISFP,Pune,interested artificial intelligence enjoy solving real world problem using technology,experience python machine learning want build intelligent application,python machine learning sql,entrepreneurship innovation,interested artificial intelligence enjoy solving real world problem using technology experience python machine learning want build intelligent application python machine learning sql entrepreneurship innovation
U065,Person_65,I like developing web applications and exploring modern software technologies.,I want to develop my career in artificial intelligence and machine learning.,Python Data Science Pandas,AI Engineer,"Gaming, Technology",ISFP,Mumbai,like developing web application exploring modern software technology,want develop career artificial intelligence machine learning,python data science panda,gaming technology,like developing web application exploring modern software technology want develop career artificial intelligence machine learning python data science panda gaming technology
U066,Person_66,I am interested in cybersecurity and understanding how to protect digital systems.,I am interested in cloud computing and developing scalable technology solutions.,AWS Cloud Computing Docker,Data Scientist,"Entrepreneurship, Innovation",INTP,Mumbai,interested cybersecurity understanding protect digital system,interested cloud computing developing scalable technology solution,aws cloud computing docker,entrepreneurship innovation,interested cybersecurity understanding protect digital system interested cloud computing developing scalable technology solution aws cloud computing docker entrepreneurship innovation
U067,Person_67,"I am interested in robotics, automation and autonomous systems.",I want to develop my career in artificial intelligence and machine learning.,Python Computer Vision OpenCV,Machine Learning Engineer,"Research, Artificial Intelligence",ENTP,Malacca,interested robotics automation autonomous system,want develop career artificial intelligence machine learning,python computer vision opencv,research artificial intelligence,interested robotics automation autonomous system want develop career artificial intelligence machine learning python computer vision opencv research artificial intelligence
U068,Person_68,I am interested in artificial intelligence and enjoy solving real world problems using technology.,I want to build autonomous and robotic systems using artificial intelligence.,C++ Robotics Computer Vision,Computer Vision Engineer,"Programming, Technology",ISFP,Penang,interested artificial intelligence enjoy solving real world problem using technology,want build autonomous robotic system using artificial intelligence,c robotics computer vision,programming technology,interested artificial intelligence enjoy solving real world problem using technology want build autonomous robotic system using artificial intelligence c robotics computer vision programming technology
U069,Person_69,"I enjoy working with images, videos and computer vision applications.",I want to build autonomous and robotic systems using artificial intelligence.,Python Data Analysis Power BI,Data Scientist,"Research, Artificial Intelligence",ENTP,Mumbai,enjoy working image video computer vision application,want build autonomous robotic system using artificial intelligence,python data analysis power bi,research artificial intelligence,enjoy working image video computer vision application want build autonomous robotic system using artificial intelligence python data analysis power bi research artificial intelligence
U070,Person_70,I am passionate about software development and enjoy building useful applications.,I enjoy working with data and want to develop predictive and analytical solutions.,Python Computer Vision OpenCV,Data Scientist,"Cloud Computing, DevOps",ENTJ,Selangor,passionate software development enjoy building useful application,enjoy working data want develop predictive analytical solution,python computer vision opencv,cloud computing devops,passionate software development enjoy building useful application enjoy working data want develop predictive analytical solution python computer vision opencv cloud computing devops
U071,Person_71,"I am interested in data science, analytics and machine learning.",I want to work in cybersecurity and develop secure software systems.,Python Data Analysis Power BI,Cloud Engineer,"Artificial Intelligence, Robotics",ENTP,Selangor,interested data science analytics machine learning,want work cybersecurity develop secure software system,python data analysis power bi,artificial intelligence robotics,interested data science analytics machine learning want work cybersecurity develop secure software system python data analysis power bi artificial intelligence robotics
U072,Person_72,"I am interested in robotics, automation and autonomous systems.",I want to work in cybersecurity and develop secure software systems.,Cyber Security Linux Networking,Data Analyst,"Programming, Technology",ISTJ,Bangalore,interested robotics automation autonomous system,want work cybersecurity develop secure software system,cyber security linux networking,programming technology,interested robotics automation autonomous system want work cybersecurity develop secure software system cyber security linux networking programming technology
U073,Person_73,I enjoy learning new technologies and building practical projects.,"I work with Python, data analysis and machine learning to solve data driven problems.",Python Data Analysis Power BI,Computer Vision Engineer,"Data Science, Analytics",ISTJ,Bangalore,enjoy learning new technology building practical project,work python data analysis machine learning solve data driven problem,python data analysis power bi,data science analytics,enjoy learning new technology building practical project work python data analysis machine learning solve data driven problem python data analysis power bi data science analytics
U074,Person_74,"I am interested in robotics, automation and autonomous systems.",I enjoy working with data and want to develop predictive and analytical solutions.,Cyber Security Linux Networking,Robotics Engineer,"Web Development, Software",ENTJ,Selangor,interested robotics automation autonomous system,enjoy working data want develop predictive analytical solution,cyber security linux networking,web development software,interested robotics automation autonomous system enjoy working data want develop predictive analytical solution cyber security linux networking web development software
U075,Person_75,I am passionate about software development and enjoy building useful applications.,I want to build autonomous and robotic systems using artificial intelligence.,C++ Robotics Computer Vision,Software Engineer,"Research, Artificial Intelligence",ENTJ,Delhi,passionate software development enjoy building useful application,want build autonomous robotic system using artificial intelligence,c robotics computer vision,research artificial intelligence,passionate software development enjoy building useful application want build autonomous robotic system using artificial intelligence c robotics computer vision research artificial intelligence
U076,Person_76,I enjoy working with data and finding meaningful patterns from large datasets.,I am interested in full stack development and building modern web applications.,Cyber Security Linux Networking,Robotics Engineer,"Entrepreneurship, Innovation",ISTJ,Johor,enjoy working data finding meaningful pattern large datasets,interested full stack development building modern web application,cyber security linux networking,entrepreneurship innovation,enjoy working data finding meaningful pattern large datasets interested full stack development building modern web application cyber security linux networking entrepreneurship innovation
U077,Person_77,I enjoy learning new technologies and building practical projects.,I enjoy working with data and want to develop predictive and analytical solutions.,JavaScript React Node.js,Robotics Engineer,"Entrepreneurship, Innovation",ENFJ,Kuala Lumpur,enjoy learning new technology building practical project,enjoy working data want develop predictive analytical solution,javascript react node j,entrepreneurship innovation,enjoy learning new technology building practical project enjoy working data want develop predictive analytical solution javascript react node j entrepreneurship innovation
U078,Person_78,I am interested in artificial intelligence and enjoy solving real world problems using technology.,I have experience with Python and machine learning and want to build intelligent applications.,Python Data Analysis Power BI,Full Stack Developer,"Artificial Intelligence, Robotics",INFP,Pune,interested artificial intelligence enjoy solving real world problem using technology,experience python machine learning want build intelligent application,python data analysis power bi,artificial intelligence robotics,interested artificial intelligence enjoy solving real world problem using technology experience python machine learning want build intelligent application python data analysis power bi artificial intelligence robotics
U079,Person_79,I enjoy learning about cloud technologies and scalable software systems.,I want to work in cybersecurity and develop secure software systems.,C++ Robotics Computer Vision,Data Analyst,"Data Science, Analytics",ISTJ,Malacca,enjoy learning cloud technology scalable software system,want work cybersecurity develop secure software system,c robotics computer vision,data science analytics,enjoy learning cloud technology scalable software system want work cybersecurity develop secure software system c robotics computer vision data science analytics
U080,Person_80,I am passionate about software development and enjoy building useful applications.,I want to build autonomous and robotic systems using artificial intelligence.,Cyber Security Linux Networking,Full Stack Developer,"Artificial Intelligence, Robotics",ENTP,Singapore,passionate software development enjoy building useful application,want build autonomous robotic system using artificial intelligence,cyber security linux networking,artificial intelligence robotics,passionate software development enjoy building useful application want build autonomous robotic system using artificial intelligence cyber security linux networking artificial intelligence robotics
U081,Person_81,"I am interested in robotics, automation and autonomous systems.",I enjoy working with data and want to develop predictive and analytical solutions.,Python Data Science Pandas,Computer Vision Engineer,"Web Development, Software",ENFJ,Singapore,interested robotics automation autonomous system,enjoy working data want develop predictive analytical solution,python data science panda,web development software,interested robotics automation autonomous system enjoy working data want develop predictive analytical solution python data science panda web development software
U082,Person_82,I enjoy learning about cloud technologies and scalable software systems.,I want to develop my career in artificial intelligence and machine learning.,JavaScript React Node.js,AI Engineer,"Programming, Technology",INFP,Singapore,enjoy learning cloud technology scalable software system,want develop career artificial intelligence machine learning,javascript react node j,programming technology,enjoy learning cloud technology scalable software system want develop career artificial intelligence machine learning javascript react node j programming technology
U083,Person_83,I am interested in artificial intelligence and enjoy solving real world problems using technology.,I have experience with Python and machine learning and want to build intelligent applications.,Python Data Analysis Power BI,Software Engineer,"Entrepreneurship, Innovation",ENFJ,Mumbai,interested artificial intelligence enjoy solving real world problem using technology,experience python machine learning want build intelligent application,python data analysis power bi,entrepreneurship innovation,interested artificial intelligence enjoy solving real world problem using technology experience python machine learning want build intelligent application python data analysis power bi entrepreneurship innovation
U084,Person_84,I enjoy learning about cloud technologies and scalable software systems.,I am interested in computer vision and want to develop intelligent vision based systems.,AWS Cloud Computing Docker,Cloud Engineer,"Programming, Technology",ENTJ,Johor,enjoy learning cloud technology scalable software system,interested computer vision want develop intelligent vision based system,aws cloud computing docker,programming technology,enjoy learning cloud technology scalable software system interested computer vision want develop intelligent vision based system aws cloud computing docker programming technology
U085,Person_85,I enjoy working with data and finding meaningful patterns from large datasets.,I want to develop my career in artificial intelligence and machine learning.,Python Data Analysis Power BI,AI Engineer,"Artificial Intelligence, Robotics",ENTP,Malacca,enjoy working data finding meaningful pattern large datasets,want develop career artificial intelligence machine learning,python data analysis power bi,artificial intelligence robotics,enjoy working data finding meaningful pattern large datasets want develop career artificial intelligence machine learning python data analysis power bi artificial intelligence robotics
U086,Person_86,I am interested in artificial intelligence and enjoy solving real world problems using technology.,I want to develop my career in artificial intelligence and machine learning.,JavaScript React Node.js,Software Engineer,"Cloud Computing, DevOps",INTJ,Selangor,interested artificial intelligence enjoy solving real world problem using technology,want develop career artificial intelligence machine learning,javascript react node j,cloud computing devops,interested artificial intelligence enjoy solving real world problem using technology want develop career artificial intelligence machine learning javascript react node j cloud computing devops
U087,Person_87,I like developing web applications and exploring modern software technologies.,I have experience with Python and machine learning and want to build intelligent applications.,C++ Robotics Computer Vision,Software Engineer,"Artificial Intelligence, Robotics",ENFP,Selangor,like developing web application exploring modern software technology,experience python machine learning want build intelligent application,c robotics computer vision,artificial intelligence robotics,like developing web application exploring modern software technology experience python machine learning want build intelligent application c robotics computer vision artificial intelligence robotics
U088,Person_88,"I am interested in robotics, automation and autonomous systems.",I am interested in software development and want to create reliable and scalable applications.,Python Computer Vision OpenCV,Computer Vision Engineer,"Cloud Computing, DevOps",ENTJ,Penang,interested robotics automation autonomous system,interested software development want create reliable scalable application,python computer vision opencv,cloud computing devops,interested robotics automation autonomous system interested software development want create reliable scalable application python computer vision opencv cloud computing devops
U089,Person_89,I enjoy learning new technologies and building practical projects.,I have experience with Python and machine learning and want to build intelligent applications.,Python Machine Learning SQL,Data Scientist,"Cloud Computing, DevOps",INFP,Penang,enjoy learning new technology building practical project,experience python machine learning want build intelligent application,python machine learning sql,cloud computing devops,enjoy learning new technology building practical project experience python machine learning want build intelligent application python machine learning sql cloud computing devops
U090,Person_90,"I enjoy working with images, videos and computer vision applications.",I enjoy working with data and want to develop predictive and analytical solutions.,Python Data Analysis Power BI,Data Analyst,"Cloud Computing, DevOps",ISTJ,Delhi,enjoy working image video computer vision application,enjoy working data want develop predictive analytical solution,python data analysis power bi,cloud computing devops,enjoy working image video computer vision application enjoy working data want develop predictive analytical solution python data analysis power bi cloud computing devops
U091,Person_91,I am passionate about software development and enjoy building useful applications.,I have experience with Python and machine learning and want to build intelligent applications.,Python Data Analysis Power BI,Robotics Engineer,"Computer Vision, Robotics",INTP,Delhi,passionate software development enjoy building useful application,experience python machine learning want build intelligent application,python data analysis power bi,computer vision robotics,passionate software development enjoy building useful application experience python machine learning want build intelligent application python data analysis power bi computer vision robotics
U092,Person_92,I like developing web applications and exploring modern software technologies.,I am interested in full stack development and building modern web applications.,Python Data Analysis Power BI,Data Analyst,"Entrepreneurship, Innovation",INTP,Penang,like developing web application exploring modern software technology,interested full stack development building modern web application,python data analysis power bi,entrepreneurship innovation,like developing web application exploring modern software technology interested full stack development building modern web application python data analysis power bi entrepreneurship innovation
U093,Person_93,"I enjoy working with images, videos and computer vision applications.",I am interested in software development and want to create reliable and scalable applications.,Python Computer Vision OpenCV,Computer Vision Engineer,"Computer Vision, Robotics",INFP,Selangor,enjoy working image video computer vision application,interested software development want create reliable scalable application,python computer vision opencv,computer vision robotics,enjoy working image video computer vision application interested software development want create reliable scalable application python computer vision opencv computer vision robotics
U094,Person_94,"I enjoy working with images, videos and computer vision applications.",I am interested in cloud computing and developing scalable technology solutions.,Python Data Science Pandas,AI Engineer,"Programming, Technology",INTP,Mumbai,enjoy working image video computer vision application,interested cloud computing developing scalable technology solution,python data science panda,programming technology,enjoy working image video computer vision application interested cloud computing developing scalable technology solution python data science panda programming technology
U095,Person_95,I enjoy learning new technologies and building practical projects.,I am interested in cloud computing and developing scalable technology solutions.,C++ Robotics Computer Vision,Machine Learning Engineer,"Web Development, Software",ISFP,Delhi,enjoy learning new technology building practical project,interested cloud computing developing scalable technology solution,c robotics computer vision,web development software,enjoy learning new technology building practical project interested cloud computing developing scalable technology solution c robotics computer vision web development software
U096,Person_96,I am passionate about software development and enjoy building useful applications.,I am interested in software development and want to create reliable and scalable applications.,Python Data Analysis Power BI,Data Analyst,"Cloud Computing, DevOps",ENFP,Delhi,passionate software development enjoy building useful application,interested software development want create reliable scalable application,python data analysis power bi,cloud computing devops,passionate software development enjoy building useful application interested software development want create reliable scalable application python data analysis power bi cloud computing devops
U097,Person_97,"I am interested in robotics, automation and autonomous systems.",I want to build autonomous and robotic systems using artificial intelligence.,Cyber Security Linux Networking,Full Stack Developer,"Entrepreneurship, Innovation",ENFP,Johor,interested robotics automation autonomous system,want build autonomous robotic system using artificial intelligence,cyber security linux networking,entrepreneurship innovation,interested robotics automation autonomous system want build autonomous robotic system using artificial intelligence cyber security linux networking entrepreneurship innovation
U098,Person_98,"I am interested in robotics, automation and autonomous systems.",I want to work in cybersecurity and develop secure software systems.,Cyber Security Linux Networking,Software Engineer,"Cyber Security, Networking",ENTJ,Singapore,interested robotics automation autonomous system,want work cybersecurity develop secure software system,cyber security linux networking,cyber security networking,interested robotics automation autonomous system want work cybersecurity develop secure software system cyber security linux networking cyber security networking
U099,Person_99,I am interested in artificial intelligence and enjoy solving real world problems using technology.,I am interested in software development and want to create reliable and scalable applications.,Python Data Analysis Power BI,Machine Learning Engineer,"Programming, Technology",ENFP,Malacca,interested artificial intelligence enjoy solving real world problem using technology,interested software development want create reliable scalable application,python data analysis power bi,programming technology,interested artificial intelligence enjoy solving real world problem using technology interested software development want create reliable scalable application python data analysis power bi programming technology
U100,Person_100,I enjoy working with data and finding meaningful patterns from large datasets.,I am interested in computer vision and want to develop intelligent vision based systems.,Python Data Analysis Power BI,Data Analyst,"Computer Vision, Robotics",ISTJ,Selangor,enjoy working data finding meaningful pattern large datasets,interested computer vision want develop intelligent vision based system,python data analysis power bi,computer vision robotics,enjoy working data finding meaningful pattern large datasets interested computer vision want develop intelligent vision based system python data analysis power bi computer vision robotics
U101,Person_101,I enjoy learning new technologies and building practical projects.,I want to develop my career in artificial intelligence and machine learning.,Python Computer Vision OpenCV,Data Scientist,"Cloud Computing, DevOps",ISFP,Selangor,enjoy learning new technology building practical project,want develop career artificial intelligence machine learning,python computer vision opencv,cloud computing devops,enjoy learning new technology building practical project want develop career artificial intelligence machine learning python computer vision opencv cloud computing devops
U102,Person_102,I enjoy learning about cloud technologies and scalable software systems.,I have experience with Python and machine learning and want to build intelligent applications.,Java Spring Boot SQL,Cyber Security Engineer,"Gaming, Technology",INTJ,Selangor,enjoy learning cloud technology scalable software system,experience python machine learning want build intelligent application,java spring boot sql,gaming technology,enjoy learning cloud technology scalable software system experience python machine learning want build intelligent application java spring boot sql gaming technology
U103,Person_103,"I am interested in data science, analytics and machine learning.",I have experience with Python and machine learning and want to build intelligent applications.,JavaScript React Node.js,Machine Learning Engineer,"Research, Artificial Intelligence",ENTP,Delhi,interested data science analytics machine learning,experience python machine learning want build intelligent application,javascript react node j,research artificial intelligence,interested data science analytics machine learning experience python machine learning want build intelligent application javascript react node j research artificial intelligence
U104,Person_104,"I am interested in data science, analytics and machine learning.",I am interested in cloud computing and developing scalable technology solutions.,Cyber Security Linux Networking,Software Engineer,"Artificial Intelligence, Robotics",INTP,Penang,interested data science analytics machine learning,interested cloud computing developing scalable technology solution,cyber security linux networking,artificial intelligence robotics,interested data science analytics machine learning interested cloud computing developing scalable technology solution cyber security linux networking artificial intelligence robotics
U105,Person_105,I enjoy working with data and finding meaningful patterns from large datasets.,I enjoy working with data and want to develop predictive and analytical solutions.,Python Machine Learning SQL,AI Engineer,"Web Development, Software",INTP,Selangor,enjoy working data finding meaningful pattern large datasets,enjoy working data want develop predictive analytical solution,python machine learning sql,web development software,enjoy working data finding meaningful pattern large datasets enjoy working data want develop predictive analytical solution python machine learning sql web development software
U106,Person_106,I enjoy working with data and finding meaningful patterns from large datasets.,"I work with Python, data analysis and machine learning to solve data driven problems.",AWS Cloud Computing Docker,Data Analyst,"Data Science, Analytics",INTJ,Pune,enjoy working data finding meaningful pattern large datasets,work python data analysis machine learning solve data driven problem,aws cloud computing docker,data science analytics,enjoy working data finding meaningful pattern large datasets work python data analysis machine learning solve data driven problem aws cloud computing docker data science analytics
U107,Person_107,I am passionate about software development and enjoy building useful applications.,I am interested in computer vision and want to develop intelligent vision based systems.,AWS Cloud Computing Docker,Full Stack Developer,"Gaming, Technology",ENTJ,Kuala Lumpur,passionate software development enjoy building useful application,interested computer vision want develop intelligent vision based system,aws cloud computing docker,gaming technology,passionate software development enjoy building useful application interested computer vision want develop intelligent vision based system aws cloud computing docker gaming technology
U108,Person_108,I like developing web applications and exploring modern software technologies.,I enjoy working with data and want to develop predictive and analytical solutions.,Python Deep Learning NLP,Computer Vision Engineer,"Cyber Security, Networking",INFJ,Malacca,like developing web application exploring modern software technology,enjoy working data want develop predictive analytical solution,python deep learning nlp,cyber security networking,like developing web application exploring modern software technology enjoy working data want develop predictive analytical solution python deep learning nlp cyber security networking
U109,Person_109,I am passionate about software development and enjoy building useful applications.,I want to work in cybersecurity and develop secure software systems.,Python Computer Vision OpenCV,AI Engineer,"Computer Vision, Robotics",INTJ,Singapore,passionate software development enjoy building useful application,want work cybersecurity develop secure software system,python computer vision opencv,computer vision robotics,passionate software development enjoy building useful application want work cybersecurity develop secure software system python computer vision opencv computer vision robotics
U110,Person_110,"I enjoy working with images, videos and computer vision applications.",I have experience with Python and machine learning and want to build intelligent applications.,Python Computer Vision OpenCV,AI Engineer,"Programming, Technology",ENTJ,Mumbai,enjoy working image video computer vision application,experience python machine learning want build intelligent application,python computer vision opencv,programming technology,enjoy working image video computer vision application experience python machine learning want build intelligent application python computer vision opencv programming technology
U111,Person_111,I am interested in cybersecurity and understanding how to protect digital systems.,I am interested in full stack development and building modern web applications.,AWS Cloud Computing Docker,Full Stack Developer,"Cyber Security, Networking",ENFJ,Penang,interested cybersecurity understanding protect digital system,interested full stack development building modern web application,aws cloud computing docker,cyber security networking,interested cybersecurity understanding protect digital system interested full stack development building modern web application aws cloud computing docker cyber security networking
U112,Person_112,"I enjoy working with images, videos and computer vision applications.",I want to develop my career in artificial intelligence and machine learning.,Cyber Security Linux Networking,Data Analyst,"Web Development, Software",ISFP,Selangor,enjoy working image video computer vision application,want develop career artificial intelligence machine learning,cyber security linux networking,web development software,enjoy working image video computer vision application want develop career artificial intelligence machine learning cyber security linux networking web development software
U113,Person_113,I enjoy working with data and finding meaningful patterns from large datasets.,I am interested in full stack development and building modern web applications.,Python Computer Vision OpenCV,Cyber Security Engineer,"Entrepreneurship, Innovation",INTP,Singapore,enjoy working data finding meaningful pattern large datasets,interested full stack development building modern web application,python computer vision opencv,entrepreneurship innovation,enjoy working data finding meaningful pattern large datasets interested full stack development building modern web application python computer vision opencv entrepreneurship innovation
U114,Person_114,I am interested in artificial intelligence and enjoy solving real world problems using technology.,I am interested in full stack development and building modern web applications.,JavaScript React Node.js,Full Stack Developer,"Entrepreneurship, Innovation",ENFP,Bangalore,interested artificial intelligence enjoy solving real world problem using technology,interested full stack development building modern web application,javascript react node j,entrepreneurship innovation,interested artificial intelligence enjoy solving real world problem using technology interested full stack development building modern web application javascript react node j entrepreneurship innovation
U115,Person_115,I like developing web applications and exploring modern software technologies.,I enjoy working with data and want to develop predictive and analytical solutions.,C++ Robotics Computer Vision,Computer Vision Engineer,"Artificial Intelligence, Robotics",ENTP,Pune,like developing web application exploring modern software technology,enjoy working data want develop predictive analytical solution,c robotics computer vision,artificial intelligence robotics,like developing web application exploring modern software technology enjoy working data want develop predictive analytical solution c robotics computer vision artificial intelligence robotics
U116,Person_116,I am interested in cybersecurity and understanding how to protect digital systems.,I am interested in computer vision and want to develop intelligent vision based systems.,C++ Robotics Computer Vision,AI Engineer,"Gaming, Technology",INFP,Johor,interested cybersecurity understanding protect digital system,interested computer vision want develop intelligent vision based system,c robotics computer vision,gaming technology,interested cybersecurity understanding protect digital system interested computer vision want develop intelligent vision based system c robotics computer vision gaming technology
U117,Person_117,"I am interested in robotics, automation and autonomous systems.",I am interested in computer vision and want to develop intelligent vision based systems.,Python Computer Vision OpenCV,AI Engineer,"Entrepreneurship, Innovation",INFJ,Kuala Lumpur,interested robotics automation autonomous system,interested computer vision want develop intelligent vision based system,python computer vision opencv,entrepreneurship innovation,interested robotics automation autonomous system interested computer vision want develop intelligent vision based system python computer vision opencv entrepreneurship innovation
U118,Person_118,I enjoy learning about cloud technologies and scalable software systems.,I want to work in cybersecurity and develop secure software systems.,Python Deep Learning NLP,Computer Vision Engineer,"Cloud Computing, DevOps",ENFJ,Bangalore,enjoy learning cloud technology scalable software system,want work cybersecurity develop secure software system,python deep learning nlp,cloud computing devops,enjoy learning cloud technology scalable software system want work cybersecurity develop secure software system python deep learning nlp cloud computing devops
U119,Person_119,I enjoy learning about cloud technologies and scalable software systems.,I have experience with Python and machine learning and want to build intelligent applications.,Python Data Science Pandas,Computer Vision Engineer,"Cyber Security, Networking",INTP,Selangor,enjoy learning cloud technology scalable software system,experience python machine learning want build intelligent application,python data science panda,cyber security networking,enjoy learning cloud technology scalable software system experience python machine learning want build intelligent application python data science panda cyber security networking
U120,Person_120,I am interested in cybersecurity and understanding how to protect digital systems.,I want to work in cybersecurity and develop secure software systems.,Python Data Analysis Power BI,Data Scientist,"Programming, Technology",ENTJ,Bangalore,interested cybersecurity understanding protect digital system,want work cybersecurity develop secure software system,python data analysis power bi,programming technology,interested cybersecurity understanding protect digital system want work cybersecurity develop secure software system python data analysis power bi programming technology
U121,Person_121,"I enjoy working with images, videos and computer vision applications.","I work with Python, data analysis and machine learning to solve data driven problems.",Python Data Analysis Power BI,Machine Learning Engineer,"Artificial Intelligence, Robotics",INFJ,Mumbai,enjoy working image video computer vision application,work python data analysis machine learning solve data driven problem,python data analysis power bi,artificial intelligence robotics,enjoy working image video computer vision application work python data analysis machine learning solve data driven problem python data analysis power bi artificial intelligence robotics
U122,Person_122,I am interested in cybersecurity and understanding how to protect digital systems.,I am interested in computer vision and want to develop intelligent vision based systems.,C++ Robotics Computer Vision,Software Engineer,"Entrepreneurship, Innovation",INTJ,Johor,interested cybersecurity understanding protect digital system,interested computer vision want develop intelligent vision based system,c robotics computer vision,entrepreneurship innovation,interested cybersecurity understanding protect digital system interested computer vision want develop intelligent vision based system c robotics computer vision entrepreneurship innovation
U123,Person_123,I enjoy working with data and finding meaningful patterns from large datasets.,I have experience with Python and machine learning and want to build intelligent applications.,Python Machine Learning SQL,AI Engineer,"Cyber Security, Networking",ENTP,Delhi,enjoy working data finding meaningful pattern large datasets,experience python machine learning want build intelligent application,python machine learning sql,cyber security networking,enjoy working data finding meaningful pattern large datasets experience python machine learning want build intelligent application python machine learning sql cyber security networking
U124,Person_124,"I am interested in data science, analytics and machine learning.",I have experience with Python and machine learning and want to build intelligent applications.,JavaScript React Node.js,AI Engineer,"Programming, Technology",INFP,Penang,interested data science analytics machine learning,experience python machine learning want build intelligent application,javascript react node j,programming technology,interested data science analytics machine learning experience python machine learning want build intelligent application javascript react node j programming technology
U125,Person_125,I am passionate about software development and enjoy building useful applications.,"I work with Python, data analysis and machine learning to solve data driven problems.",C++ Robotics Computer Vision,Machine Learning Engineer,"Web Development, Software",INFP,Penang,passionate software development enjoy building useful application,work python data analysis machine learning solve data driven problem,c robotics computer vision,web development software,passionate software development enjoy building useful application work python data analysis machine learning solve data driven problem c robotics computer vision web development software
U126,Person_126,I enjoy learning new technologies and building practical projects.,I want to develop my career in artificial intelligence and machine learning.,JavaScript React Node.js,Computer Vision Engineer,"Cloud Computing, DevOps",ISTJ,Kuala Lumpur,enjoy learning new technology building practical project,want develop career artificial intelligence machine learning,javascript react node j,cloud computing devops,enjoy learning new technology building practical project want develop career artificial intelligence machine learning javascript react node j cloud computing devops
U127,Person_127,"I am interested in data science, analytics and machine learning.",I am interested in computer vision and want to develop intelligent vision based systems.,Python Deep Learning NLP,AI Engineer,"Cyber Security, Networking",ENFP,Johor,interested data science analytics machine learning,interested computer vision want develop intelligent vision based system,python deep learning nlp,cyber security networking,interested data science analytics machine learning interested computer vision want develop intelligent vision based system python deep learning nlp cyber security networking
U128,Person_128,"I enjoy working with images, videos and computer vision applications.",I am interested in software development and want to create reliable and scalable applications.,C++ Robotics Computer Vision,Machine Learning Engineer,"Gaming, Technology",ENTJ,Singapore,enjoy working image video computer vision application,interested software development want create reliable scalable application,c robotics computer vision,gaming technology,enjoy working image video computer vision application interested software development want create reliable scalable application c robotics computer vision gaming technology
U129,Person_129,"I enjoy working with images, videos and computer vision applications.",I want to develop my career in artificial intelligence and machine learning.,Python Deep Learning NLP,Robotics Engineer,"Cloud Computing, DevOps",ISFP,Mumbai,enjoy working image video computer vision application,want develop career artificial intelligence machine learning,python deep learning nlp,cloud computing devops,enjoy working image video computer vision application want develop career artificial intelligence machine learning python deep learning nlp cloud computing devops
U130,Person_130,I am interested in artificial intelligence and enjoy solving real world problems using technology.,"I work with Python, data analysis and machine learning to solve data driven problems.",Python Machine Learning SQL,Robotics Engineer,"Entrepreneurship, Innovation",ENTJ,Johor,interested artificial intelligence enjoy solving real world problem using technology,work python data analysis machine learning solve data driven problem,python machine learning sql,entrepreneurship innovation,interested artificial intelligence enjoy solving real world problem using technology work python data analysis machine learning solve data driven problem python machine learning sql entrepreneurship innovation
U131,Person_131,I enjoy working with data and finding meaningful patterns from large datasets.,I have experience with Python and machine learning and want to build intelligent applications.,Python Data Analysis Power BI,Machine Learning Engineer,"Computer Vision, Robotics",ENFP,Penang,enjoy working data finding meaningful pattern large datasets,experience python machine learning want build intelligent application,python data analysis power bi,computer vision robotics,enjoy working data finding meaningful pattern large datasets experience python machine learning want build intelligent application python data analysis power bi computer vision robotics
U132,Person_132,I am passionate about software development and enjoy building useful applications.,I want to develop my career in artificial intelligence and machine learning.,Python Data Analysis Power BI,AI Engineer,"Programming, Technology",ENFJ,Bangalore,passionate software development enjoy building useful application,want develop career artificial intelligence machine learning,python data analysis power bi,programming technology,passionate software development enjoy building useful application want develop career artificial intelligence machine learning python data analysis power bi programming technology
U133,Person_133,I like developing web applications and exploring modern software technologies.,I am interested in computer vision and want to develop intelligent vision based systems.,Python Computer Vision OpenCV,Data Scientist,"Programming, Technology",ENFJ,Mumbai,like developing web application exploring modern software technology,interested computer vision want develop intelligent vision based system,python computer vision opencv,programming technology,like developing web application exploring modern software technology interested computer vision want develop intelligent vision based system python computer vision opencv programming technology
U134,Person_134,"I am interested in data science, analytics and machine learning.",I enjoy working with data and want to develop predictive and analytical solutions.,Python Machine Learning SQL,Data Scientist,"Data Science, Analytics",INTJ,Malacca,interested data science analytics machine learning,enjoy working data want develop predictive analytical solution,python machine learning sql,data science analytics,interested data science analytics machine learning enjoy working data want develop predictive analytical solution python machine learning sql data science analytics
U135,Person_135,I enjoy learning new technologies and building practical projects.,I want to develop my career in artificial intelligence and machine learning.,Python Deep Learning NLP,Cyber Security Engineer,"Artificial Intelligence, Robotics",INTP,Penang,enjoy learning new technology building practical project,want develop career artificial intelligence machine learning,python deep learning nlp,artificial intelligence robotics,enjoy learning new technology building practical project want develop career artificial intelligence machine learning python deep learning nlp artificial intelligence robotics
U136,Person_136,I like developing web applications and exploring modern software technologies.,I want to build autonomous and robotic systems using artificial intelligence.,Python Data Analysis Power BI,Robotics Engineer,"Data Science, Analytics",ENFP,Penang,like developing web application exploring modern software technology,want build autonomous robotic system using artificial intelligence,python data analysis power bi,data science analytics,like developing web application exploring modern software technology want build autonomous robotic system using artificial intelligence python data analysis power bi data science analytics
U137,Person_137,I am passionate about software development and enjoy building useful applications.,I enjoy working with data and want to develop predictive and analytical solutions.,Python Deep Learning NLP,Data Scientist,"Cloud Computing, DevOps",ISTJ,Malacca,passionate software development enjoy building useful application,enjoy working data want develop predictive analytical solution,python deep learning nlp,cloud computing devops,passionate software development enjoy building useful application enjoy working data want develop predictive analytical solution python deep learning nlp cloud computing devops
U138,Person_138,I enjoy learning new technologies and building practical projects.,I want to build autonomous and robotic systems using artificial intelligence.,Java Spring Boot SQL,Computer Vision Engineer,"Entrepreneurship, Innovation",ISFP,Bangalore,enjoy learning new technology building practical project,want build autonomous robotic system using artificial intelligence,java spring boot sql,entrepreneurship innovation,enjoy learning new technology building practical project want build autonomous robotic system using artificial intelligence java spring boot sql entrepreneurship innovation
U139,Person_139,I enjoy working with data and finding meaningful patterns from large datasets.,I want to work in cybersecurity and develop secure software systems.,Python Data Science Pandas,AI Engineer,"Data Science, Analytics",ENFP,Penang,enjoy working data finding meaningful pattern large datasets,want work cybersecurity develop secure software system,python data science panda,data science analytics,enjoy working data finding meaningful pattern large datasets want work cybersecurity develop secure software system python data science panda data science analytics
U140,Person_140,"I am interested in robotics, automation and autonomous systems.",I have experience with Python and machine learning and want to build intelligent applications.,Python Data Science Pandas,Full Stack Developer,"Entrepreneurship, Innovation",ENTJ,Penang,interested robotics automation autonomous system,experience python machine learning want build intelligent application,python data science panda,entrepreneurship innovation,interested robotics automation autonomous system experience python machine learning want build intelligent application python data science panda entrepreneurship innovation
U141,Person_141,I enjoy learning about cloud technologies and scalable software systems.,I am interested in cloud computing and developing scalable technology solutions.,Python Data Analysis Power BI,Cyber Security Engineer,"Entrepreneurship, Innovation",ENTJ,Malacca,enjoy learning cloud technology scalable software system,interested cloud computing developing scalable technology solution,python data analysis power bi,entrepreneurship innovation,enjoy learning cloud technology scalable software system interested cloud computing developing scalable technology solution python data analysis power bi entrepreneurship innovation
U142,Person_142,I am interested in cybersecurity and understanding how to protect digital systems.,I want to build autonomous and robotic systems using artificial intelligence.,Python Data Science Pandas,Full Stack Developer,"Data Science, Analytics",ENFP,Penang,interested cybersecurity understanding protect digital system,want build autonomous robotic system using artificial intelligence,python data science panda,data science analytics,interested cybersecurity understanding protect digital system want build autonomous robotic system using artificial intelligence python data science panda data science analytics
U143,Person_143,I enjoy learning about cloud technologies and scalable software systems.,I am interested in computer vision and want to develop intelligent vision based systems.,Python Machine Learning SQL,Cyber Security Engineer,"Web Development, Software",ENFP,Mumbai,enjoy learning cloud technology scalable software system,interested computer vision want develop intelligent vision based system,python machine learning sql,web development software,enjoy learning cloud technology scalable software system interested computer vision want develop intelligent vision based system python machine learning sql web development software
U144,Person_144,"I am interested in data science, analytics and machine learning.",I enjoy working with data and want to develop predictive and analytical solutions.,Python Data Analysis Power BI,Robotics Engineer,"Research, Artificial Intelligence",ENTP,Mumbai,interested data science analytics machine learning,enjoy working data want develop predictive analytical solution,python data analysis power bi,research artificial intelligence,interested data science analytics machine learning enjoy working data want develop predictive analytical solution python data analysis power bi research artificial intelligence
U145,Person_145,"I enjoy working with images, videos and computer vision applications.",I am interested in full stack development and building modern web applications.,JavaScript React Node.js,Software Engineer,"Research, Artificial Intelligence",INTP,Delhi,enjoy working image video computer vision application,interested full stack development building modern web application,javascript react node j,research artificial intelligence,enjoy working image video computer vision application interested full stack development building modern web application javascript react node j research artificial intelligence
U146,Person_146,I like developing web applications and exploring modern software technologies.,I want to build autonomous and robotic systems using artificial intelligence.,AWS Cloud Computing Docker,Software Engineer,"Cloud Computing, DevOps",INFJ,Kuala Lumpur,like developing web application exploring modern software technology,want build autonomous robotic system using artificial intelligence,aws cloud computing docker,cloud computing devops,like developing web application exploring modern software technology want build autonomous robotic system using artificial intelligence aws cloud computing docker cloud computing devops
U147,Person_147,I enjoy learning about cloud technologies and scalable software systems.,I am interested in computer vision and want to develop intelligent vision based systems.,Cyber Security Linux Networking,Cyber Security Engineer,"Programming, Technology",INTP,Selangor,enjoy learning cloud technology scalable software system,interested computer vision want develop intelligent vision based system,cyber security linux networking,programming technology,enjoy learning cloud technology scalable software system interested computer vision want develop intelligent vision based system cyber security linux networking programming technology
U148,Person_148,I am interested in cybersecurity and understanding how to protect digital systems.,I want to develop my career in artificial intelligence and machine learning.,C++ Robotics Computer Vision,Software Engineer,"Gaming, Technology",ENTJ,Malacca,interested cybersecurity understanding protect digital system,want develop career artificial intelligence machine learning,c robotics computer vision,gaming technology,interested cybersecurity understanding protect digital system want develop career artificial intelligence machine learning c robotics computer vision gaming technology
U149,Person_149,I am interested in cybersecurity and understanding how to protect digital systems.,I want to work in cybersecurity and develop secure software systems.,Python Deep Learning NLP,Software Engineer,"Research, Artificial Intelligence",INFJ,Penang,interested cybersecurity understanding protect digital system,want work cybersecurity develop secure software system,python deep learning nlp,research artificial intelligence,interested cybersecurity understanding protect digital system want work cybersecurity develop secure software system python deep learning nlp research artificial intelligence
U150,Person_150,I am passionate about software development and enjoy building useful applications.,I have experience with Python and machine learning and want to build intelligent applications.,Python Deep Learning NLP,Machine Learning Engineer,"Cyber Security, Networking",ENTJ,Pune,passionate software development enjoy building useful application,experience python machine learning want build intelligent application,python deep learning nlp,cyber security networking,passionate software development enjoy building useful application experience python machine learning want build intelligent application python deep learning nlp cyber security networking
U151,Person_151,I am interested in cybersecurity and understanding how to protect digital systems.,I am interested in full stack development and building modern web applications.,C++ Robotics Computer Vision,Software Engineer,"Programming, Technology",ENTP,Selangor,interested cybersecurity understanding protect digital system,interested full stack development building modern web application,c robotics computer vision,programming technology,interested cybersecurity understanding protect digital system interested full stack development building modern web application c robotics computer vision programming technology
U152,Person_152,I am interested in cybersecurity and understanding how to protect digital systems.,I am interested in computer vision and want to develop intelligent vision based systems.,Java Spring Boot SQL,Data Scientist,"Cyber Security, Networking",ENTP,Johor,interested cybersecurity understanding protect digital system,interested computer vision want develop intelligent vision based system,java spring boot sql,cyber security networking,interested cybersecurity understanding protect digital system interested computer vision want develop intelligent vision based system java spring boot sql cyber security networking
U153,Person_153,I am interested in artificial intelligence and enjoy solving real world problems using technology.,"I work with Python, data analysis and machine learning to solve data driven problems.",Python Data Analysis Power BI,Computer Vision Engineer,"Artificial Intelligence, Robotics",ENFJ,Singapore,interested artificial intelligence enjoy solving real world problem using technology,work python data analysis machine learning solve data driven problem,python data analysis power bi,artificial intelligence robotics,interested artificial intelligence enjoy solving real world problem using technology work python data analysis machine learning solve data driven problem python data analysis power bi artificial intelligence robotics
U154,Person_154,I am interested in artificial intelligence and enjoy solving real world problems using technology.,I am interested in full stack development and building modern web applications.,Python Data Science Pandas,Machine Learning Engineer,"Gaming, Technology",ENFP,Delhi,interested artificial intelligence enjoy solving real world problem using technology,interested full stack development building modern web application,python data science panda,gaming technology,interested artificial intelligence enjoy solving real world problem using technology interested full stack development building modern web application python data science panda gaming technology
U155,Person_155,"I am interested in robotics, automation and autonomous systems.",I am interested in full stack development and building modern web applications.,Java Spring Boot SQL,AI Engineer,"Programming, Technology",ENTJ,Malacca,interested robotics automation autonomous system,interested full stack development building modern web application,java spring boot sql,programming technology,interested robotics automation autonomous system interested full stack development building modern web application java spring boot sql programming technology
U156,Person_156,"I am interested in robotics, automation and autonomous systems.",I am interested in cloud computing and developing scalable technology solutions.,Java Spring Boot SQL,Cyber Security Engineer,"Cyber Security, Networking",ENTP,Johor,interested robotics automation autonomous system,interested cloud computing developing scalable technology solution,java spring boot sql,cyber security networking,interested robotics automation autonomous system interested cloud computing developing scalable technology solution java spring boot sql cyber security networking
U157,Person_157,I enjoy learning new technologies and building practical projects.,I want to work in cybersecurity and develop secure software systems.,Java Spring Boot SQL,Data Analyst,"Data Science, Analytics",ENFJ,Penang,enjoy learning new technology building practical project,want work cybersecurity develop secure software system,java spring boot sql,data science analytics,enjoy learning new technology building practical project want work cybersecurity develop secure software system java spring boot sql data science analytics
U158,Person_158,I am interested in cybersecurity and understanding how to protect digital systems.,I want to build autonomous and robotic systems using artificial intelligence.,Python Machine Learning SQL,Data Scientist,"Data Science, Analytics",ENTJ,Pune,interested cybersecurity understanding protect digital system,want build autonomous robotic system using artificial intelligence,python machine learning sql,data science analytics,interested cybersecurity understanding protect digital system want build autonomous robotic system using artificial intelligence python machine learning sql data science analytics
U159,Person_159,"I enjoy working with images, videos and computer vision applications.",I want to work in cybersecurity and develop secure software systems.,Python Machine Learning SQL,Data Analyst,"Artificial Intelligence, Robotics",INFP,Delhi,enjoy working image video computer vision application,want work cybersecurity develop secure software system,python machine learning sql,artificial intelligence robotics,enjoy working image video computer vision application want work cybersecurity develop secure software system python machine learning sql artificial intelligence robotics
U160,Person_160,I enjoy learning new technologies and building practical projects.,I am interested in cloud computing and developing scalable technology solutions.,JavaScript React Node.js,Cloud Engineer,"Cloud Computing, DevOps",INFJ,Pune,enjoy learning new technology building practical project,interested cloud computing developing scalable technology solution,javascript react node j,cloud computing devops,enjoy learning new technology building practical project interested cloud computing developing scalable technology solution javascript react node j cloud computing devops
U161,Person_161,I enjoy working with data and finding meaningful patterns from large datasets.,I am interested in cloud computing and developing scalable technology solutions.,JavaScript React Node.js,Full Stack Developer,"Computer Vision, Robotics",ISFP,Mumbai,enjoy working data finding meaningful pattern large datasets,interested cloud computing developing scalable technology solution,javascript react node j,computer vision robotics,enjoy working data finding meaningful pattern large datasets interested cloud computing developing scalable technology solution javascript react node j computer vision robotics
U162,Person_162,I enjoy learning about cloud technologies and scalable software systems.,I am interested in computer vision and want to develop intelligent vision based systems.,Python Machine Learning SQL,Cyber Security Engineer,"Entrepreneurship, Innovation",ENFJ,Mumbai,enjoy learning cloud technology scalable software system,interested computer vision want develop intelligent vision based system,python machine learning sql,entrepreneurship innovation,enjoy learning cloud technology scalable software system interested computer vision want develop intelligent vision based system python machine learning sql entrepreneurship innovation
U163,Person_163,I am interested in cybersecurity and understanding how to protect digital systems.,I am interested in full stack development and building modern web applications.,AWS Cloud Computing Docker,Data Scientist,"Gaming, Technology",ISTJ,Mumbai,interested cybersecurity understanding protect digital system,interested full stack development building modern web application,aws cloud computing docker,gaming technology,interested cybersecurity understanding protect digital system interested full stack development building modern web application aws cloud computing docker gaming technology
U164,Person_164,I like developing web applications and exploring modern software technologies.,I am interested in cloud computing and developing scalable technology solutions.,Python Data Analysis Power BI,AI Engineer,"Cloud Computing, DevOps",INTJ,Kuala Lumpur,like developing web application exploring modern software technology,interested cloud computing developing scalable technology solution,python data analysis power bi,cloud computing devops,like developing web application exploring modern software technology interested cloud computing developing scalable technology solution python data analysis power bi cloud computing devops
U165,Person_165,I enjoy learning about cloud technologies and scalable software systems.,I am interested in cloud computing and developing scalable technology solutions.,C++ Robotics Computer Vision,Robotics Engineer,"Entrepreneurship, Innovation",ENFP,Malacca,enjoy learning cloud technology scalable software system,interested cloud computing developing scalable technology solution,c robotics computer vision,entrepreneurship innovation,enjoy learning cloud technology scalable software system interested cloud computing developing scalable technology solution c robotics computer vision entrepreneurship innovation
U166,Person_166,I enjoy learning new technologies and building practical projects.,I want to develop my career in artificial intelligence and machine learning.,Java Spring Boot SQL,Software Engineer,"Web Development, Software",INTJ,Mumbai,enjoy learning new technology building practical project,want develop career artificial intelligence machine learning,java spring boot sql,web development software,enjoy learning new technology building practical project want develop career artificial intelligence machine learning java spring boot sql web development software
U167,Person_167,I like developing web applications and exploring modern software technologies.,"I work with Python, data analysis and machine learning to solve data driven problems.",Java Spring Boot SQL,Data Scientist,"Entrepreneurship, Innovation",INFJ,Malacca,like developing web application exploring modern software technology,work python data analysis machine learning solve data driven problem,java spring boot sql,entrepreneurship innovation,like developing web application exploring modern software technology work python data analysis machine learning solve data driven problem java spring boot sql entrepreneurship innovation
U168,Person_168,I am passionate about software development and enjoy building useful applications.,I want to build autonomous and robotic systems using artificial intelligence.,Python Deep Learning NLP,Cyber Security Engineer,"Data Science, Analytics",INFP,Singapore,passionate software development enjoy building useful application,want build autonomous robotic system using artificial intelligence,python deep learning nlp,data science analytics,passionate software development enjoy building useful application want build autonomous robotic system using artificial intelligence python deep learning nlp data science analytics
U169,Person_169,I am interested in artificial intelligence and enjoy solving real world problems using technology.,I am interested in computer vision and want to develop intelligent vision based systems.,Cyber Security Linux Networking,Data Scientist,"Cloud Computing, DevOps",ISFP,Johor,interested artificial intelligence enjoy solving real world problem using technology,interested computer vision want develop intelligent vision based system,cyber security linux networking,cloud computing devops,interested artificial intelligence enjoy solving real world problem using technology interested computer vision want develop intelligent vision based system cyber security linux networking cloud computing devops
U170,Person_170,I enjoy working with data and finding meaningful patterns from large datasets.,I am interested in software development and want to create reliable and scalable applications.,JavaScript React Node.js,AI Engineer,"Artificial Intelligence, Robotics",ENTP,Johor,enjoy working data finding meaningful pattern large datasets,interested software development want create reliable scalable application,javascript react node j,artificial intelligence robotics,enjoy working data finding meaningful pattern large datasets interested software development want create reliable scalable application javascript react node j artificial intelligence robotics
U171,Person_171,I like developing web applications and exploring modern software technologies.,I have experience with Python and machine learning and want to build intelligent applications.,Java Spring Boot SQL,Cyber Security Engineer,"Research, Artificial Intelligence",ENFP,Selangor,like developing web application exploring modern software technology,experience python machine learning want build intelligent application,java spring boot sql,research artificial intelligence,like developing web application exploring modern software technology experience python machine learning want build intelligent application java spring boot sql research artificial intelligence
U172,Person_172,I am interested in artificial intelligence and enjoy solving real world problems using technology.,I want to build autonomous and robotic systems using artificial intelligence.,Cyber Security Linux Networking,Data Scientist,"Data Science, Analytics",INFP,Mumbai,interested artificial intelligence enjoy solving real world problem using technology,want build autonomous robotic system using artificial intelligence,cyber security linux networking,data science analytics,interested artificial intelligence enjoy solving real world problem using technology want build autonomous robotic system using artificial intelligence cyber security linux networking data science analytics
U173,Person_173,"I am interested in robotics, automation and autonomous systems.",I want to build autonomous and robotic systems using artificial intelligence.,Cyber Security Linux Networking,Cloud Engineer,"Entrepreneurship, Innovation",ENTP,Mumbai,interested robotics automation autonomous system,want build autonomous robotic system using artificial intelligence,cyber security linux networking,entrepreneurship innovation,interested robotics automation autonomous system want build autonomous robotic system using artificial intelligence cyber security linux networking entrepreneurship innovation
U174,Person_174,I like developing web applications and exploring modern software technologies.,I enjoy working with data and want to develop predictive and analytical solutions.,Python Data Science Pandas,Machine Learning Engineer,"Computer Vision, Robotics",INFP,Delhi,like developing web application exploring modern software technology,enjoy working data want develop predictive analytical solution,python data science panda,computer vision robotics,like developing web application exploring modern software technology enjoy working data want develop predictive analytical solution python data science panda computer vision robotics
U175,Person_175,I am interested in cybersecurity and understanding how to protect digital systems.,"I work with Python, data analysis and machine learning to solve data driven problems.",AWS Cloud Computing Docker,Cyber Security Engineer,"Artificial Intelligence, Robotics",INTJ,Singapore,interested cybersecurity understanding protect digital system,work python data analysis machine learning solve data driven problem,aws cloud computing docker,artificial intelligence robotics,interested cybersecurity understanding protect digital system work python data analysis machine learning solve data driven problem aws cloud computing docker artificial intelligence robotics
U176,Person_176,I am interested in artificial intelligence and enjoy solving real world problems using technology.,I want to work in cybersecurity and develop secure software systems.,C++ Robotics Computer Vision,AI Engineer,"Gaming, Technology",INFJ,Malacca,interested artificial intelligence enjoy solving real world problem using technology,want work cybersecurity develop secure software system,c robotics computer vision,gaming technology,interested artificial intelligence enjoy solving real world problem using technology want work cybersecurity develop secure software system c robotics computer vision gaming technology
U177,Person_177,I enjoy learning new technologies and building practical projects.,I have experience with Python and machine learning and want to build intelligent applications.,Python Data Analysis Power BI,Machine Learning Engineer,"Data Science, Analytics",INFJ,Mumbai,enjoy learning new technology building practical project,experience python machine learning want build intelligent application,python data analysis power bi,data science analytics,enjoy learning new technology building practical project experience python machine learning want build intelligent application python data analysis power bi data science analytics
U178,Person_178,I enjoy working with data and finding meaningful patterns from large datasets.,I am interested in software development and want to create reliable and scalable applications.,Java Spring Boot SQL,AI Engineer,"Artificial Intelligence, Robotics",ENFP,Penang,enjoy working data finding meaningful pattern large datasets,interested software development want create reliable scalable application,java spring boot sql,artificial intelligence robotics,enjoy working data finding meaningful pattern large datasets interested software development want create reliable scalable application java spring boot sql artificial intelligence robotics
U179,Person_179,I enjoy working with data and finding meaningful patterns from large datasets.,I am interested in cloud computing and developing scalable technology solutions.,JavaScript React Node.js,Cyber Security Engineer,"Research, Artificial Intelligence",INTJ,Singapore,enjoy working data finding meaningful pattern large datasets,interested cloud computing developing scalable technology solution,javascript react node j,research artificial intelligence,enjoy working data finding meaningful pattern large datasets interested cloud computing developing scalable technology solution javascript react node j research artificial intelligence
U180,Person_180,I enjoy learning about cloud technologies and scalable software systems.,I enjoy working with data and want to develop predictive and analytical solutions.,Python Machine Learning SQL,Cloud Engineer,"Research, Artificial Intelligence",ENFP,Johor,enjoy learning cloud technology scalable software system,enjoy working data want develop predictive analytical solution,python machine learning sql,research artificial intelligence,enjoy learning cloud technology scalable software system enjoy working data want develop predictive analytical solution python machine learning sql research artificial intelligence
U181,Person_181,I am interested in artificial intelligence and enjoy solving real world problems using technology.,I am interested in computer vision and want to develop intelligent vision based systems.,JavaScript React Node.js,AI Engineer,"Web Development, Software",INTP,Bangalore,interested artificial intelligence enjoy solving real world problem using technology,interested computer vision want develop intelligent vision based system,javascript react node j,web development software,interested artificial intelligence enjoy solving real world problem using technology interested computer vision want develop intelligent vision based system javascript react node j web development software
U182,Person_182,"I am interested in data science, analytics and machine learning.",I am interested in computer vision and want to develop intelligent vision based systems.,Python Computer Vision OpenCV,Cloud Engineer,"Computer Vision, Robotics",ENTP,Johor,interested data science analytics machine learning,interested computer vision want develop intelligent vision based system,python computer vision opencv,computer vision robotics,interested data science analytics machine learning interested computer vision want develop intelligent vision based system python computer vision opencv computer vision robotics
U183,Person_183,"I am interested in data science, analytics and machine learning.",I want to build autonomous and robotic systems using artificial intelligence.,Cyber Security Linux Networking,Data Analyst,"Computer Vision, Robotics",INTP,Malacca,interested data science analytics machine learning,want build autonomous robotic system using artificial intelligence,cyber security linux networking,computer vision robotics,interested data science analytics machine learning want build autonomous robotic system using artificial intelligence cyber security linux networking computer vision robotics
U184,Person_184,"I am interested in data science, analytics and machine learning.",I am interested in computer vision and want to develop intelligent vision based systems.,Python Computer Vision OpenCV,Cloud Engineer,"Data Science, Analytics",ENFP,Mumbai,interested data science analytics machine learning,interested computer vision want develop intelligent vision based system,python computer vision opencv,data science analytics,interested data science analytics machine learning interested computer vision want develop intelligent vision based system python computer vision opencv data science analytics
U185,Person_185,I am passionate about software development and enjoy building useful applications.,I am interested in computer vision and want to develop intelligent vision based systems.,Python Machine Learning SQL,Machine Learning Engineer,"Entrepreneurship, Innovation",ENFP,Malacca,passionate software development enjoy building useful application,interested computer vision want develop intelligent vision based system,python machine learning sql,entrepreneurship innovation,passionate software development enjoy building useful application interested computer vision want develop intelligent vision based system python machine learning sql entrepreneurship innovation
U186,Person_186,I am interested in cybersecurity and understanding how to protect digital systems.,I am interested in full stack development and building modern web applications.,JavaScript React Node.js,Cloud Engineer,"Programming, Technology",ENFJ,Johor,interested cybersecurity understanding protect digital system,interested full stack development building modern web application,javascript react node j,programming technology,interested cybersecurity understanding protect digital system interested full stack development building modern web application javascript react node j programming technology
U187,Person_187,I like developing web applications and exploring modern software technologies.,I am interested in software development and want to create reliable and scalable applications.,Java Spring Boot SQL,Software Engineer,"Cloud Computing, DevOps",ENTJ,Bangalore,like developing web application exploring modern software technology,interested software development want create reliable scalable application,java spring boot sql,cloud computing devops,like developing web application exploring modern software technology interested software development want create reliable scalable application java spring boot sql cloud computing devops
U188,Person_188,I like developing web applications and exploring modern software technologies.,I want to develop my career in artificial intelligence and machine learning.,AWS Cloud Computing Docker,Data Analyst,"Gaming, Technology",INTP,Mumbai,like developing web application exploring modern software technology,want develop career artificial intelligence machine learning,aws cloud computing docker,gaming technology,like developing web application exploring modern software technology want develop career artificial intelligence machine learning aws cloud computing docker gaming technology
U189,Person_189,I enjoy learning about cloud technologies and scalable software systems.,I am interested in cloud computing and developing scalable technology solutions.,Cyber Security Linux Networking,Robotics Engineer,"Computer Vision, Robotics",ISTJ,Penang,enjoy learning cloud technology scalable software system,interested cloud computing developing scalable technology solution,cyber security linux networking,computer vision robotics,enjoy learning cloud technology scalable software system interested cloud computing developing scalable technology solution cyber security linux networking computer vision robotics
U190,Person_190,"I am interested in data science, analytics and machine learning.",I want to work in cybersecurity and develop secure software systems.,Python Data Science Pandas,Data Analyst,"Gaming, Technology",ENFP,Bangalore,interested data science analytics machine learning,want work cybersecurity develop secure software system,python data science panda,gaming technology,interested data science analytics machine learning want work cybersecurity develop secure software system python data science panda gaming technology
U191,Person_191,I enjoy working with data and finding meaningful patterns from large datasets.,I enjoy working with data and want to develop predictive and analytical solutions.,Python Deep Learning NLP,Full Stack Developer,"Gaming, Technology",ENTJ,Delhi,enjoy working data finding meaningful pattern large datasets,enjoy working data want develop predictive analytical solution,python deep learning nlp,gaming technology,enjoy working data finding meaningful pattern large datasets enjoy working data want develop predictive analytical solution python deep learning nlp gaming technology
U192,Person_192,"I am interested in robotics, automation and autonomous systems.",I have experience with Python and machine learning and want to build intelligent applications.,Cyber Security Linux Networking,Data Analyst,"Gaming, Technology",INFP,Singapore,interested robotics automation autonomous system,experience python machine learning want build intelligent application,cyber security linux networking,gaming technology,interested robotics automation autonomous system experience python machine learning want build intelligent application cyber security linux networking gaming technology
U193,Person_193,"I am interested in data science, analytics and machine learning.",I am interested in computer vision and want to develop intelligent vision based systems.,Python Computer Vision OpenCV,AI Engineer,"Web Development, Software",ISTJ,Penang,interested data science analytics machine learning,interested computer vision want develop intelligent vision based system,python computer vision opencv,web development software,interested data science analytics machine learning interested computer vision want develop intelligent vision based system python computer vision opencv web development software
U194,Person_194,"I am interested in robotics, automation and autonomous systems.","I work with Python, data analysis and machine learning to solve data driven problems.",Python Machine Learning SQL,Software Engineer,"Programming, Technology",ENFP,Pune,interested robotics automation autonomous system,work python data analysis machine learning solve data driven problem,python machine learning sql,programming technology,interested robotics automation autonomous system work python data analysis machine learning solve data driven problem python machine learning sql programming technology
U195,Person_195,"I am interested in data science, analytics and machine learning.","I work with Python, data analysis and machine learning to solve data driven problems.",Python Deep Learning NLP,AI Engineer,"Web Development, Software",ISFP,Mumbai,interested data science analytics machine learning,work python data analysis machine learning solve data driven problem,python deep learning nlp,web development software,interested data science analytics machine learning work python data analysis machine learning solve data driven problem python deep learning nlp web development software
U196,Person_196,I am interested in cybersecurity and understanding how to protect digital systems.,I am interested in computer vision and want to develop intelligent vision based systems.,Python Computer Vision OpenCV,Data Analyst,"Cloud Computing, DevOps",ISFP,Delhi,interested cybersecurity understanding protect digital system,interested computer vision want develop intelligent vision based system,python computer vision opencv,cloud computing devops,interested cybersecurity understanding protect digital system interested computer vision want develop intelligent vision based system python computer vision opencv cloud computing devops
U197,Person_197,I enjoy learning about cloud technologies and scalable software systems.,I am interested in computer vision and want to develop intelligent vision based systems.,Python Data Science Pandas,AI Engineer,"Cyber Security, Networking",INTP,Malacca,enjoy learning cloud technology scalable software system,interested computer vision want develop intelligent vision based system,python data science panda,cyber security networking,enjoy learning cloud technology scalable software system interested computer vision want develop intelligent vision based system python data science panda cyber security networking
U198,Person_198,I am interested in cybersecurity and understanding how to protect digital systems.,I am interested in software development and want to create reliable and scalable applications.,C++ Robotics Computer Vision,Cyber Security Engineer,"Cyber Security, Networking",INTJ,Kuala Lumpur,interested cybersecurity understanding protect digital system,interested software development want create reliable scalable application,c robotics computer vision,cyber security networking,interested cybersecurity understanding protect digital system interested software development want create reliable scalable application c robotics computer vision cyber security networking
U199,Person_199,I like developing web applications and exploring modern software technologies.,I am interested in cloud computing and developing scalable technology solutions.,Python Computer Vision OpenCV,Data Analyst,"Web Development, Software",ENTJ,Johor,like developing web application exploring modern software technology,interested cloud computing developing scalable technology solution,python computer vision opencv,web development software,like developing web application exploring modern software technology interested cloud computing developing scalable technology solution python computer vision opencv web development software
U200,Person_200,I am interested in cybersecurity and understanding how to protect digital systems.,"I work with Python, data analysis and machine learning to solve data driven problems.",Java Spring Boot SQL,Data Analyst,"Web Development, Software",INFJ,Kuala Lumpur,interested cybersecurity understanding protect digital system,work python data analysis machine learning solve data driven problem,java spring boot sql,web development software,interested cybersecurity understanding protect digital system work python data analysis machine learning solve data driven problem java spring boot sql web development software
